actor,character,season,episode
William Shatner,Captain James T. Kirk,1,1
Leonard Nimoy,Mr. Spock,1,1
Jeanne Bal,Nancy Crater,1,1
Alfred Ryder,Professor Robert Crater,1,1
DeForest Kelley,Dr. McCoy,1,1
Grace Lee Whitney,Yeoman Janice Rand,1,1
George Takei,Sulu,1,1
Nichelle Nichols,Uhura,1,1
Bruce Watson,Green,1,1
Michael Zaslow,Darnell,1,1
Vince Howard,Crewman,1,1
Francine Pyne,Nancy III,1,1
Budd Albright,Barnhart (uncredited),1,1
Larry Anthony,Berkeley (uncredited),1,1
John Arndt,Crewman Sturgeon (uncredited),1,1
Bob Baker,Beauregard (uncredited),1,1
Bill Blackburn,Lt. Hadley (uncredited),1,1
Frank da Vinci,Brent (uncredited),1,1
James Doohan,Scott (voice) (uncredited),1,1
Sharon Gimpel,M-113 Creature (uncredited),1,1
Jeannie Malone,Yeoman (uncredited),1,1
Eddie Paskey,Lt. Ryan (uncredited),1,1
Anthony Larry Paul,Transporter Operator (uncredited),1,1
Garrison True,Security Guard (uncredited),1,1
William Shatner,Captain James T. Kirk,1,2
Leonard Nimoy,Mr. Spock,1,2
Robert Walker Jr.,Charlie Evans (as Robert Walker),1,2
DeForest Kelley,Dr. McCoy,1,2
Grace Lee Whitney,Yeoman Janice Rand,1,2
Nichelle Nichols,Uhura,1,2
Charles Stewart,Captain Ramart (as Charles J. Stewart),1,2
Dallas Mitchell,Tom Nellis,1,2
Don Eitner,Navigator,1,2
Pat McNulty,Tina Lawton (as Patricia McNulty),1,2
John Bellah,Crewman I,1,2
Garland Thompson,Crewman II,1,2
Abraham Sofaer,The Thasian,1,2
Bill Blackburn,Lt. Hadley (uncredited),1,2
Frank da Vinci,Brent,1,2
Frank da Vinci,Security Guard (uncredited),1,2
Bob Herron,Sam (uncredited),1,2
John Lindesmith,Helmsman (uncredited),1,2
Eddie Paskey,Lt. Leslie (uncredited),1,2
Gene Roddenberry,Enterprise Chef (voice) (uncredited),1,2
George Takei,Hikaru Sulu (voice) (uncredited),1,2
Ron Veto,Security Guard (uncredited),1,2
Laura Wood,Prematurely Aged Woman (uncredited),1,2
William Shatner,Captain James T. Kirk,1,3
Leonard Nimoy,Mr. Spock,1,3
Gary Lockwood,Lt. Cmdr. Gary Mitchell,1,3
Sally Kellerman,Dr. Elizabeth Dehner,1,3
George Takei,Sulu,1,3
James Doohan,Scott,1,3
Lloyd Haynes,Alden,1,3
Andrea Dromm,Yeoman Smith,1,3
Paul Carr,Lt. Lee Kelso,1,3
Paul Fix,Dr. Mark Piper,1,3
Bill Blackburn,Lt Hadley (uncredited),1,3
Eddie Paskey,Lt. Leslie (uncredited),1,3
William Shatner,Captain James T. Kirk,1,4
Leonard Nimoy,Mr. Spock,1,4
Stewart Moss,Tormolen,1,4
Majel Barrett,Nurse Christine Chapel,1,4
Bruce Hyde,Kevin Riley,1,4
DeForest Kelley,Dr. McCoy,1,4
Grace Lee Whitney,Yeoman Janice Rand,1,4
George Takei,Sulu,1,4
James Doohan,Scott,1,4
Nichelle Nichols,Uhura,1,4
William Knight,Amorous Crewman,1,4
John Bellah,Laughing Crewman,1,4
Bill Blackburn,Lt. Hadley (uncredited),1,4
Frank da Vinci,Lt. Brent (uncredited),1,4
Eddie Paskey,Lt. Ryan (uncredited),1,4
Woody Talbert,Crewman #2 (uncredited),1,4
Ron Veto,Crewman (uncredited),1,4
William Shatner,Captain James T. Kirk,1,5
Leonard Nimoy,Mr. Spock,1,5
DeForest Kelley,Dr. McCoy,1,5
Grace Lee Whitney,Yeoman Janice Rand,1,5
George Takei,Sulu,1,5
James Doohan,Scott,1,5
Ed Madden,Fisher (as Edward Madden),1,5
Garland Thompson,Wilson,1,5
Jim Goodwin,Farrell,1,5
Nichelle Nichols,Uhura (voice) (uncredited),1,5
Eddie Paskey,Connors (uncredited),1,5
William Shatner,Captain James T. Kirk,1,6
Leonard Nimoy,Mr. Spock,1,6
Roger C. Carmel,Harry Mudd,1,6
Karen Steele,Eve McHuron,1,6
DeForest Kelley,Dr. McCoy,1,6
Maggie Thrett,Ruth,1,6
Susan Denberg,Magda,1,6
James Doohan,Scott,1,6
George Takei,Sulu,1,6
Jim Goodwin,Farrell,1,6
Nichelle Nichols,Uhura,1,6
Gene Dynarski,Ben Childress,1,6
Jon Kowal,Herm Gossett,1,6
Seamon Glass,Benton,1,6
Jerry Foxworth,Guard,1,6
Majel Barrett,Enterprise Computer (voice) (uncredited),1,6
Frank da Vinci,Vinci (uncredited),1,6
Kay Elliot,Stella Mudd (uncredited),1,6
Eddie Paskey,Connors (uncredited),1,6
Ron Veto,Starfleet Officer (uncredited),1,6
William Shatner,Captain James T. Kirk,1,7
Leonard Nimoy,Mr. Spock,1,7
Michael Strong,Dr. Roger Korby,1,7
Sherry Jackson,Andrea,1,7
Ted Cassidy,Ruk,1,7
Majel Barrett,Nurse Christine Chapel,1,7
Nichelle Nichols,Uhura,1,7
Harry Basch,Brown,1,7
Vince Deadrick Sr.,Mathews (as Vince Deadrick),1,7
Budd Albright,Rayburn,1,7
Eddie Paskey,Lt. Leslie (uncredited),1,7
William Shatner,Captain James T. Kirk,1,8
Leonard Nimoy,Mr. Spock,1,8
Kim Darby,Miri,1,8
Michael J. Pollard,Jahn,1,8
DeForest Kelley,Dr. McCoy,1,8
Grace Lee Whitney,Yeoman Janice Rand,1,8
Keith Taylor,Jahn's Friend,1,8
Ed McCready,Boy Creature,1,8
Kellie Flanagan,Blonde Girl,1,8
Stephen McEveety,Redheaded Boy (as Steven McEveety),1,8
David L. Ross,Lt. Galloway (as David Ross),1,8
Jim Goodwin,Farrell,1,8
John Megna,Little Boy,1,8
John Arndt,Ingenieur Fields (uncredited),1,8
Iona Morris,Little African American Girl (uncredited),1,8
Phil Morris,Boy - Army Helmet (uncredited),1,8
Eddie Paskey,Lt. Leslie (uncredited),1,8
Dawn Roddenberry,Little Blonde Girl (uncredited),1,8
Irene Sale,Louise (uncredited),1,8
Lisabeth Shatner,Girl in Red-Striped Dress (uncredited),1,8
Melanie Shatner,Brunette Girl (uncredited),1,8
Scott Whitney,Small Boy (uncredited),1,8
William Shatner,Captain James T. Kirk,1,9
Leonard Nimoy,Mr. Spock,1,9
James Gregory,Dr. Tristan Adams,1,9
DeForest Kelley,Dr. McCoy,1,9
Morgan Woodward,Dr. Simon van Gelder,1,9
Marianna Hill,Dr. Helen Noel,1,9
Nichelle Nichols,Uhura,1,9
Susanne Wasson,Lethe,1,9
John Arndt,Ingenieur Fields,1,9
Larry Anthony,Berkeley,1,9
Ed McCready,Inmate,1,9
Eliezer Behar,Eli (as Eli Behar),1,9
Frank da Vinci,Lt. Brent (uncredited),1,9
Walt Davis,Tantalus (uncredited),1,9
Louie Elias,Inmate Guard (uncredited),1,9
Eddie Paskey,Lt. Leslie (uncredited),1,9
Anthony Larry Paul,Crewman (uncredited),1,9
William Shatner,Captain James T. Kirk,1,10
Leonard Nimoy,Mr. Spock,1,10
Anthony D. Call,Dave Bailey (as Anthony Call),1,10
Clint Howard,Balok,1,10
DeForest Kelley,Dr. McCoy,1,10
Grace Lee Whitney,Yeoman Janice Rand,1,10
George Takei,Sulu,1,10
James Doohan,Scott,1,10
Nichelle Nichols,Uhura,1,10
Majel Barrett,Nurse Christine Chapel (voice) (uncredited),1,10
Bill Blackburn,Lt. Hadley (uncredited),1,10
Gloria Calomee,Crew Woman (uncredited),1,10
Ted Cassidy,Balok's Puppet (voice) (uncredited),1,10
Frank da Vinci,Crewman (uncredited),1,10
Walker Edmiston,Balok (voice) (uncredited),1,10
John Gabriel,Crewman (uncredited),1,10
Jonathan Goldsmith,Unnamed Red Shirt (uncredited),1,10
Ena Hartman,Crew Woman #2 (uncredited),1,10
Mittie Lawrence,Crew Woman (uncredited),1,10
Jeannie Malone,Yeoman (uncredited),1,10
Bruce Mars,Crewman #1 (uncredited),1,10
Sean Morgan,Crewman (uncredited),1,10
Eddie Paskey,Lt. Leslie (uncredited),1,10
Ron Veto,Crewman (uncredited),1,10
William Shatner,Captain James T. Kirk,1,11
Leonard Nimoy,Mr. Spock (also archive footage),1,11
Jeffrey Hunter,Captain Christopher Pike (archive footage),1,11
Susan Oliver,Vina (archive footage),1,11
Malachi Throne,Commodore José Mendez,1,11
Majel Barrett,Number One (archive footage) (as M. Leigh Hudec),1,11
Peter Duryea,Lt. José Tyler (archive footage),1,11
John Hoyt,Dr. Boyce (archive footage),1,11
Adam Roarke,C.P.O. Garrison (archive footage),1,11
DeForest Kelley,Dr. McCoy,1,11
James Doohan,Scott,1,11
Nichelle Nichols,Uhura,1,11
Sean Kenney,Injured Pike,1,11
Hagan Beggs,Lt. Hansen,1,11
Julie Parrish,Miss Piper,1,11
Bill Blackburn,Lt Hadley (uncredited),1,11
Tom Curtis,Jon Daily (uncredited),1,11
Frank da Vinci,Guard (uncredited),1,11
Brett Dunham,Guard (uncredited),1,11
Laurel Goodwin,J. M. Colt (archive footage) (uncredited),1,11
James Holt,Starfleet Officer (uncredited),1,11
Clegg Hoyt,Transporter Chief Pitcairn (archive footage) (uncredited),1,11
Anthony Jochim,Third Survivor (archive footage) (uncredited),1,11
Bob Johnson,Transporter Chief Pitcairn (voice) (uncredited),1,11
Jon Lormer,Dr. Theodore Haskins (archive footage) (uncredited),1,11
Tom Lupo,Security Guard (uncredited),1,11
Ed Madden,Enterprise Geologist (archive footage) (uncredited),1,11
Leonard Mudie,Second Survivor (archive footage) (uncredited),1,11
Eddie Paskey,Lt. Leslie (uncredited),1,11
Jan Reddin,Enterprise Court Recorder (uncredited),1,11
Serena Sande,Second Talosian (archive footage) (uncredited),1,11
George Sawaya,Chief Humboldt (uncredited),1,11
Georgia Schmidt,First Talosian (archive footage) (uncredited),1,11
Meg Wyllie,The Keeper (archive footage) (uncredited),1,11
William Shatner,Captain James T. Kirk,1,12
Leonard Nimoy,Mr. Spock (also archive footage),1,12
Jeffrey Hunter,Captain Christopher Pike (archive footage),1,12
Susan Oliver,Vina (archive footage),1,12
Malachi Throne,Commodore José Mendez,1,12
Majel Barrett,Number One (archive footage) (as M. Leigh Hudec),1,12
Peter Duryea,Lt. José Tyler (archive footage),1,12
John Hoyt,Dr. Boyce (archive footage),1,12
Laurel Goodwin,Yeoman J.M. Colt (archive footage),1,12
Adam Roarke,C.P.O. Garrison (archive footage),1,12
DeForest Kelley,Dr. McCoy (credit only),1,12
James Doohan,Scott (credit only),1,12
Nichelle Nichols,Uhura (voice),1,12
Sean Kenney,Injured Pike,1,12
Hagan Beggs,Lt. Hansen,1,12
Meg Wyllie,The Keeper (archive footage),1,12
Frank da Vinci,Lt. Clifford Brent (uncredited),1,12
Michael Dugan,The Kaylar (archive footage) (uncredited),1,12
Clegg Hoyt,Transporter Chief Pitcairn (archive footage) (uncredited),1,12
Anthony Jochim,Third Survivor (archive footage) (uncredited),1,12
Bob Johnson,First Talosian (voice) (archive footage) (uncredited),1,12
Jon Lormer,Dr. Theodore Haskins (archive footage) (uncredited),1,12
Tom Lupo,Security Guard (uncredited),1,12
Ed Madden,Enterprise Geologist (archive footage) (uncredited),1,12
Joseph Mell,Earth Trader (archive footage) (uncredited),1,12
Leonard Mudie,Second Survivor (archive footage) (uncredited),1,12
Eddie Paskey,Lt. Leslie (uncredited),1,12
Vic Perrin,The Keeper (voice) (uncredited),1,12
Robert Phillips,Space Officer (archive footage) (uncredited),1,12
Janos Prohaska,Anthropoid Ape (archive footage) (uncredited),1,12
Serena Sande,Second Talosian (archive footage) (uncredited),1,12
Georgia Schmidt,First Talosian (archive footage) (uncredited),1,12
Ron Veto,Harrison (uncredited),1,12
William Shatner,Captain James T. Kirk,1,13
Leonard Nimoy,Mr. Spock,1,13
Arnold Moss,Anton Karidian,1,13
Barbara Anderson,Lenore Karidian,1,13
DeForest Kelley,Dr. McCoy,1,13
Grace Lee Whitney,Yeoman Janice Rand,1,13
Nichelle Nichols,Uhura,1,13
William Sargent,Dr. Tom Leighton,1,13
Natalie Norwick,Martha Leighton,1,13
David Somerville,Larry Matson (as David-Troy),1,13
Karl Bruck,King Duncan,1,13
Marc Grady Adams,Hamlet (as Marc Adams),1,13
Bruce Hyde,Kevin Riley,1,13
Majel Barrett,Enterprise Computer (voice) (uncredited),1,13
Bill Blackburn,Lt Hadley (uncredited),1,13
Frank da Vinci,Crewman (uncredited),1,13
Robert H. Justman,Security Guard (voice) (uncredited),1,13
Jeannie Malone,Yeoman (uncredited),1,13
Eddie Paskey,Lt. Leslie (uncredited),1,13
Ron Veto,Security Guard (uncredited),1,13
William Shatner,Captain James T. Kirk,1,14
Leonard Nimoy,Mr. Spock,1,14
Mark Lenard,Romulan Commander,1,14
Paul Comi,Stiles,1,14
Lawrence Montaigne,Decius,1,14
DeForest Kelley,Dr. McCoy,1,14
Grace Lee Whitney,Yeoman Janice Rand,1,14
George Takei,Sulu,1,14
James Doohan,Scott,1,14
Nichelle Nichols,Uhura,1,14
Stephen Mines,Lt. Robert Tomlinson,1,14
Barbara Baldavin,Angela Martine,1,14
Garry Walberg,Commander Hansen,1,14
John Warburton,The Centurion,1,14
John Arndt,Ingenieur Fields (uncredited),1,14
Bill Blackburn,Hadley (uncredited),1,14
Robert Chadwick,Romulan Scanner Operator (uncredited),1,14
Frank da Vinci,Crewman (uncredited),1,14
Walt Davis,Romulan Crewman (uncredited),1,14
Vince Deadrick Sr.,Romulan Crewman (uncredited),1,14
Jeannie Malone,Yeoman (uncredited),1,14
Sean Morgan,Brenner (uncredited),1,14
Eddie Paskey,Lt. Leslie (uncredited),1,14
Anthony Larry Paul,Crewman (uncredited),1,14
Ron Veto,Crewman (uncredited),1,14
William Shatner,Captain James T. Kirk,1,15
Leonard Nimoy,Mr. Spock,1,15
Emily Banks,Tonia Barrows,1,15
Oliver McGowan,Caretaker,1,15
Perry Lopez,Lt. Esteban Rodriguez,1,15
DeForest Kelley,Dr. McCoy,1,15
George Takei,Sulu,1,15
Bruce Mars,Finnegan,1,15
Barbara Baldavin,Angela Martine,1,15
Nichelle Nichols,Uhura,1,15
Marcia Brown,Alice,1,15
Sebastian Tom,Warrior,1,15
Shirley Bonne,Ruth,1,15
Paul Baxley,Black Knight (uncredited),1,15
Bill Blackburn,White Rabbit (uncredited),1,15
John Carr,Guard (uncredited),1,15
Frank da Vinci,Lt. Brent (uncredited),1,15
Jim Gruzal,Don Juan (uncredited),1,15
Jeannie Malone,Yeoman (uncredited),1,15
Eddie Paskey,Lt. Leslie (uncredited),1,15
William Shatner,Captain James T. Kirk,1,16
Leonard Nimoy,Mr. Spock,1,16
Don Marshall,Boma,1,16
DeForest Kelley,Dr. McCoy,1,16
James Doohan,Scott,1,16
George Takei,Sulu,1,16
Nichelle Nichols,Uhura,1,16
John Crawford,Commissioner Ferris,1,16
Peter Marko,Gaetano,1,16
Phyllis Douglas,Yeoman Mears,1,16
Rees Vaughn,Lieutenant Latimer,1,16
Grant Woods,Lieutenant Kelowitz,1,16
Robert 'Big Buck' Maffei,Creature (as Buck Maffei),1,16
David L. Ross,Lt. Galloway (as David Ross),1,16
Majel Barrett,Enterprise Computer (voice) (uncredited),1,16
Bill Blackburn,Lt. Hadley (uncredited),1,16
Frank da Vinci,Lt. Brent (uncredited),1,16
Eddie Paskey,Lt. Leslie (uncredited),1,16
Ron Veto,Crewman (uncredited),1,16
William Shatner,Captain James T. Kirk,1,17
Leonard Nimoy,Mr. Spock,1,17
William Campbell,Trelane,1,17
DeForest Kelley,Dr. McCoy,1,17
Richard Carlyle,Lt. Karl Jaeger,1,17
Nichelle Nichols,Uhura,1,17
George Takei,Sulu,1,17
James Doohan,Scott,1,17
Michael Barrier,Lt. DeSalle,1,17
Venita Wolf,Yeoman Teresa Ross,1,17
Barbara Babcock,Trelane's Mother (voice) (uncredited),1,17
Bill Blackburn,Lt. Hadley (uncredited),1,17
Frank da Vinci,Lt. Brent (uncredited),1,17
Bart La Rue,Trelane's Father (voice) (uncredited),1,17
Eddie Paskey,Lt. Leslie (uncredited),1,17
William Shatner,Captain James T. Kirk,1,18
Leonard Nimoy,Mr. Spock,1,18
DeForest Kelley,Dr. McCoy,1,18
George Takei,Sulu,1,18
James Doohan,Scott,1,18
Nichelle Nichols,Uhura,1,18
Jerry Ayres,O'Herlihy,1,18
Grant Woods,Lieutenant Kelowitz,1,18
Tom Troupe,Lt. Harold,1,18
James Farley,Lt. Commander Lang,1,18
Carolyne Barry,Metron (as Carole Shelyne),1,18
Sean Kenney,DePaul,1,18
Bill Blackburn,Gorn (uncredited),1,18
Ted Cassidy,Gorn (voice) (uncredited),1,18
Bobby Clark,Gorn (uncredited),1,18
Gary Combs,Gorn (uncredited),1,18
Frank da Vinci,Lt. Brent (uncredited),1,18
Eddie Paskey,Lt. Leslie (uncredited),1,18
Vic Perrin,Metron (voice) (uncredited),1,18
Ron Veto,Crewman (uncredited),1,18
William Shatner,Captain James T. Kirk,1,19
Leonard Nimoy,Mr. Spock,1,19
Roger Perry,Captain John Christopher,1,19
DeForest Kelley,Dr. McCoy,1,19
Hal Lynch,Air Police Sergeant,1,19
Dick Merrifield,Technician Webb (as Richard Merrifield),1,19
John Winston,Lt. Kyle,1,19
Ed Peck,Col. Fellini,1,19
James Doohan,Scott,1,19
George Takei,Sulu,1,19
Nichelle Nichols,Uhura,1,19
Mark Dempsey,Air Force Captain,1,19
Jim Spencer,Air Policeman,1,19
Sherri Townsend,Crew Woman,1,19
Majel Barrett,Enterprise Computer (voice) (uncredited),1,19
Bill Blackburn,Engineer (uncredited),1,19
Frank da Vinci,Brent (uncredited),1,19
Eddie Paskey,Lt. Leslie (uncredited),1,19
William Shatner,Captain James T. Kirk,1,20
Leonard Nimoy,Mr. Spock,1,20
Percy Rodrigues,Portmaster Stone (as Percy Rodriguez),1,20
Elisha Cook Jr.,Samuel T. Cogley (as Elisha Cook),1,20
Joan Marshall,Areel Shaw,1,20
DeForest Kelley,Dr. McCoy,1,20
Nichelle Nichols,Uhura,1,20
Richard Webb,Finney,1,20
Hagan Beggs,Lt. Hansen,1,20
Win De Lugo,Mike Timothy (as Winston DeLugo),1,20
Alice Rawlings,Jame Finney,1,20
Nancy Wong,Personnel Officer,1,20
Bart Conrad,Krasnovsky,1,20
William Meader,Captain Lindstrom,1,20
Reginald Lal Singh,Captain Chandra,1,20
Majel Barrett,Enterprise Computer (voice) (uncredited),1,20
Bill Blackburn,Lt. Hadley (uncredited),1,20
Tom Curtis,Corrigan (uncredited),1,20
Frank da Vinci,Lt. Brent (uncredited),1,20
William Shatner,Captain James T. Kirk,1,21
Leonard Nimoy,Mr. Spock,1,21
Harry Townes,Reger,1,21
Torin Thatcher,Marplon,1,21
DeForest Kelley,Dr. McCoy,1,21
Brioni Farrell,Tula,1,21
Sid Haig,First Lawgiver,1,21
Charles Macaulay,Landru,1,21
Jon Lormer,Tamar,1,21
Morgan Farley,Hacom,1,21
Karl Held,Lindstrom (as Christopher Held),1,21
George Takei,Sulu,1,21
James Doohan,Scott,1,21
Nichelle Nichols,Uhura,1,21
Sean Morgan,Lt. O'Neil,1,21
Lev Mailer,Bilar (as Ralph Maurer),1,21
David L. Ross,Lt. Galloway,1,21
Bill Blackburn,Lt. Hadley (uncredited),1,21
Bobby Clark,Betan townsperson (uncredited),1,21
Frank da Vinci,Brent (uncredited),1,21
Eddie Paskey,Lt. Leslie (uncredited),1,21
Ron Veto,Harrison (uncredited),1,21
William Shatner,Captain James T. Kirk,1,22
Leonard Nimoy,Mr. Spock,1,22
Ricardo Montalban,Khan,1,22
Madlyn Rhue,Lt. Marla McGivers,1,22
DeForest Kelley,Dr. McCoy,1,22
James Doohan,Scott,1,22
Makee K. Blaisdell,Spinelli (as Blaisdell Makee),1,22
Nichelle Nichols,Uhura,1,22
Mark Tobin,Joaquin,1,22
Kathy Ahart,Crew Woman,1,22
John Winston,Lt. Kyle,1,22
John Arndt,Ingenieur Fields (uncredited),1,22
Bobby Bass,Guard (uncredited),1,22
Bill Blackburn,Lt. Hadley (uncredited),1,22
Frank da Vinci,Lt. Brent (uncredited),1,22
Joan Johnson,Female Guard (uncredited),1,22
Eddie Paskey,Lt. Leslie (uncredited),1,22
Jan Reddin,Crewwoman (uncredited),1,22
Ron Veto,Harrison (uncredited),1,22
Joan Webster,Nurse (uncredited),1,22
William Shatner,Captain James T. Kirk,1,23
Leonard Nimoy,Mr. Spock,1,23
David Opatoshu,Anan 7,1,23
Gene Lyons,Ambassador Robert Fox,1,23
DeForest Kelley,Dr. McCoy,1,23
James Doohan,Scott,1,23
Barbara Babcock,Mea 3,1,23
Miko Mayama,Yeoman Tamura,1,23
David L. Ross,Lt. Galloway,1,23
Nichelle Nichols,Uhura,1,23
Sean Kenney,DePaul,1,23
Robert Sampson,Sar 6,1,23
David Armstrong,Eminiar Guard (uncredited),1,23
Majel Barrett,Enterprise Computer (voice) (uncredited),1,23
Bill Blackburn,Lt. Hadley,1,23
Bill Blackburn,Eminiar Technician (uncredited),1,23
John Burnside,Eminiar Guard (uncredited),1,23
Dick Cherney,Council Member (uncredited),1,23
Frank da Vinci,Eminiar Guard (uncredited),1,23
Jeannie Malone,Yeoman (uncredited),1,23
Monty O'Grady,Council Member (uncredited),1,23
Eddie Paskey,Eminiar Guard (uncredited),1,23
Ron Veto,Eminiar Guard (uncredited),1,23
William Shatner,Captain James T. Kirk,1,24
Leonard Nimoy,Mr. Spock,1,24
Jill Ireland,Leila Kalomi,1,24
Frank Overton,Elias Sandoval,1,24
DeForest Kelley,Dr. McCoy,1,24
Grant Woods,Lieutenant Kelowitz,1,24
George Takei,Sulu,1,24
Nichelle Nichols,Uhura,1,24
Michael Barrier,Lt. DeSalle,1,24
Dick Scotter,Painter,1,24
Eddie Paskey,Lt. Leslie,1,24
Bobby Bass,Lieutenant (uncredited),1,24
Bill Blackburn,Lt. Hadley (uncredited),1,24
Frank da Vinci,Brent,1,24
Frank da Vinci,Vinci (uncredited),1,24
Walker Edmiston,Transporter Chief (voice) (uncredited),1,24
John Lindesmith,Engineer (uncredited),1,24
Jeannie Malone,Yeoman,1,24
Jeannie Malone,Omicron Colonist (uncredited),1,24
Sean Morgan,Engineer (uncredited),1,24
Fred Shue,Crewman (uncredited),1,24
Ron Veto,Kelowitz's Opponent (uncredited),1,24
William Shatner,Captain James T. Kirk,1,25
Leonard Nimoy,Mr. Spock,1,25
DeForest Kelley,Dr. McCoy,1,25
James Doohan,Scott,1,25
Brad Weston,Appel,1,25
Biff Elliot,Schmitter,1,25
George Allen,Engineer #1 (as George E. Allen),1,25
Jon Cavett,Guard,1,25
Barry Russo,Lt. Cmdr. Giotto,1,25
Bill Blackburn,Lt. Hadley (uncredited),1,25
Frank da Vinci,Lt. Osborne (uncredited),1,25
Dick Dial,Sam (uncredited),1,25
Robert F. Hoy,Horta (uncredited),1,25
Ken Lynch,Vanderberg (uncredited),1,25
Eddie Paskey,Lt. Leslie (uncredited),1,25
Janos Prohaska,Horta (uncredited),1,25
Ron Veto,Security Guard (uncredited),1,25
Niel Wray,Miner (uncredited),1,25
William Shatner,Captain James T. Kirk,1,26
Leonard Nimoy,Mr. Spock,1,26
John Abbott,Ayelborne,1,26
John Colicos,Kor,1,26
George Takei,Sulu,1,26
Nichelle Nichols,Uhura,1,26
Peter Brocco,Claymare,1,26
Victor Lundin,Lieutenant,1,26
David Hillary Hughes,Trefayne,1,26
Walt Davis,Klingon Soldier,1,26
George Sawaya,Second Soldier,1,26
Bobby Bass,Klingon Guard (uncredited),1,26
Bill Blackburn,Klingon (uncredited),1,26
Gary Combs,Klingon Guard (uncredited),1,26
Frank da Vinci,Brent (uncredited),1,26
Eddie Paskey,Lt. Leslie (uncredited),1,26
Basil Poledouris,Klingon (uncredited),1,26
Ron Veto,Harrison,1,26
Ron Veto,Organian villager (uncredited),1,26
William Shatner,Captain James T. Kirk,1,27
Leonard Nimoy,Mr. Spock,1,27
Robert Brown,Lazarus,1,27
DeForest Kelley,Dr. McCoy,1,27
Janet MacLachlan,Charlene Masters,1,27
Nichelle Nichols,Uhura,1,27
Richard Derr,Commodore Barstow,1,27
Arch Whiting,Assistant Engineer,1,27
Christian Patrick,Transporter Chief,1,27
Eddie Paskey,Lt. Leslie,1,27
Bill Blackburn,Lt. Hadley (uncredited),1,27
Vince Calenti,Security Guard (uncredited),1,27
Bill Catching,Anti-Matter Lazarus Being #2 (uncredited),1,27
Frank da Vinci,Crewman (uncredited),1,27
Tom Lupo,Security Guard (uncredited),1,27
Ron Veto,Security Guard (uncredited),1,27
Al Wyatt Sr.,Anti-Matter Lazarus Being #1 (uncredited),1,27
William Shatner,Captain James T. Kirk,1,28
Leonard Nimoy,Mr. Spock,1,28
Joan Collins,Sister Edith Keeler,1,28
DeForest Kelley,Dr. McCoy,1,28
James Doohan,Scott,1,28
George Takei,Sulu,1,28
Nichelle Nichols,Uhura,1,28
John Harmon,Rodent,1,28
Hal Baylor,Policeman,1,28
David L. Ross,Lt. Galloway,1,28
John Winston,Lt. Kyle,1,28
Bart La Rue,Guardian (voice) (as Bartell La Rue),1,28
Bill Blackburn,Lt. Hadley (uncredited),1,28
Noble 'Kid' Chissell,Server (uncredited),1,28
Carey Loftin,Truck Driver (uncredited),1,28
Eddie Paskey,Lt. Leslie (uncredited),1,28
William Shatner,Captain James T. Kirk,1,29
William Shatner,Sam Kirk,1,29
Leonard Nimoy,Mr. Spock,1,29
DeForest Kelley,Dr. McCoy,1,29
James Doohan,Scott,1,29
Joan Swift,Aurelan,1,29
Maurishka,Yeoman Zahra,1,29
Majel Barrett,Nurse Christine Chapel,1,29
George Takei,Sulu,1,29
Nichelle Nichols,Uhura,1,29
Craig Huxley,Peter Kirk (as Craig Hundley),1,29
Fred Carson,First Denevan,1,29
Jerry Catron,Second Denevan,1,29
David Armstrong,Kartan (uncredited),1,29
Bill Blackburn,Lt. Hadley (uncredited),1,29
Frank da Vinci,Guard (uncredited),1,29
Jeannie Malone,Yeoman (uncredited),1,29
Eddie Paskey,Lt. Leslie (uncredited),1,29
Ron Veto,Harrison (uncredited),1,29
William Shatner,Captain James T. Kirk,2,1
Leonard Nimoy,Mr. Spock,2,1
DeForest Kelley,Dr. McCoy,2,1
Celia Lovsky,T'Pau,2,1
Arlene Martel,T'Pring,2,1
Lawrence Montaigne,Stonn,2,1
Majel Barrett,Nurse Christine Chapel,2,1
George Takei,Sulu,2,1
Nichelle Nichols,Uhura,2,1
Walter Koenig,Chekov,2,1
Byron Morrow,Admiral Komack,2,1
Bill Blackburn,Lt. Hadley (uncredited),2,1
Frank da Vinci,Vulcan Ceremonial Aide (uncredited),2,1
Walker Edmiston,Space Central (voice) (uncredited),2,1
Charles Palmer,Vulcan Litter Bearer (uncredited),2,1
Eddie Paskey,Lt. Leslie (uncredited),2,1
Joe Paz,Vulcan Ceremonial Aide (uncredited),2,1
Russ Peek,Vulcan Executioner (uncredited),2,1
Mary Rice,T'Pring as Child (uncredited),2,1
Mark Russell,Vulcan Litter Bearer (uncredited),2,1
Gary Wright,Vulcan Litter Bearer (uncredited),2,1
William Shatner,Captain James T. Kirk,2,2
Leonard Nimoy,Mr. Spock,2,2
DeForest Kelley,Dr. McCoy,2,2
Michael Forest,Apollo,2,2
Leslie Parrish,Carolyn Palamas,2,2
James Doohan,Scott,2,2
George Takei,Sulu,2,2
Nichelle Nichols,Uhura,2,2
Walter Koenig,Chekov,2,2
John Winston,Lt. Kyle,2,2
Bill Blackburn,Lt. Hadley (uncredited),2,2
Roger Holloway,Lt. Lemli (uncredited),2,2
Eddie Paskey,Lt. Leslie (uncredited),2,2
William Shatner,Captain James T. Kirk,2,3
Leonard Nimoy,Mr. Spock,2,3
DeForest Kelley,Dr. McCoy,2,3
James Doohan,Scott,2,3
Nichelle Nichols,Uhura,2,3
George Takei,Sulu,2,3
Majel Barrett,Nurse Christine Chapel,2,3
Makee K. Blaisdell,Singh (as Blaisdel Makee),2,3
Barbara Gates,Crewwoman,2,3
Meade Martin,Crewman,2,3
Arnold Lessing,Security Guard,2,3
Vic Perrin,Nomad's Voice (voice),2,3
Bill Blackburn,Lt. Hadley (uncredited),2,3
Frank da Vinci,Lt. Brent,2,3
Frank da Vinci,Security Guard (uncredited),2,3
Marc Daniels,Prof. Jackson Roykirk (uncredited),2,3
Roger Holloway,Lt. Lemli (uncredited),2,3
Jeannie Malone,Yeoman (uncredited),2,3
Eddie Paskey,Lt. Leslie (uncredited),2,3
Joe Paz,Security Guard (uncredited),2,3
William Shatner,Captain James T. Kirk,2,4
Leonard Nimoy,Mr. Spock,2,4
DeForest Kelley,Dr. McCoy,2,4
BarBara Luna,Marlena (as Barbara Luna),2,4
James Doohan,Scott,2,4
George Takei,Sulu,2,4
Nichelle Nichols,Uhura,2,4
Vic Perrin,Tharn,2,4
Walter Koenig,Chekov,2,4
John Winston,Lt. Kyle,2,4
Garth Pillsbury,Wilson,2,4
Pete Kellett,Kirk's Henchman,2,4
Bobby Bass,Chekov's Helper in Mirror Universe (uncredited),2,4
Bill Blackburn,Lt. Hadley (uncredited),2,4
Bobby Clark,Chekov's Guard #2 (uncredited),2,4
Roger Holloway,Lt. Lemli (uncredited),2,4
Johnny Mandell,Sulu's Guard (uncredited),2,4
Eddie Paskey,Lt. Leslie (uncredited),2,4
Russ Peek,Spock's Vulcan Guard (uncredited),2,4
Paul Prokop,Phaser Control Guard (uncredited),2,4
William Shatner,Captain James T. Kirk,2,5
Leonard Nimoy,Mr. Spock,2,5
DeForest Kelley,Dr. McCoy,2,5
Keith Andes,Akuta,2,5
Celeste Yarnall,Yeoman Martha Landon,2,5
James Doohan,Scott,2,5
David Soul,Makora,2,5
Walter Koenig,Chekov,2,5
Jay D. Jones,Ensign Mallory (as Jay Jones),2,5
Jerry Daniels,Marple,2,5
John Winston,Lt. Kyle,2,5
Mal Friedman,Hendorff,2,5
Shari Nims,Sayana,2,5
Paul Baxley,Native (uncredited),2,5
Bill Blackburn,Lt. Hadley (uncredited),2,5
Ron Burke,Native (uncredited),2,5
Bobby Clark,Native (uncredited),2,5
Vince Deadrick Sr.,Native (uncredited),2,5
Dick Dial,Kaplan (uncredited),2,5
Eddie Paskey,Lt. Leslie (uncredited),2,5
William Shatner,Captain James T. Kirk,2,6
Leonard Nimoy,Mr. Spock,2,6
DeForest Kelley,Dr. McCoy,2,6
William Windom,Commodore Decker,2,6
James Doohan,Scott,2,6
George Takei,Sulu,2,6
Elizabeth Rogers,Lt. Palmer,2,6
John Winston,Lt. Kyle,2,6
Richard Compton,Lt. Washburn,2,6
John Copage,Elliott,2,6
Tim Burns,Russ,2,6
Jerry Catron,Montgomery,2,6
Bill Blackburn,Lt. Hadley (uncredited),2,6
Roger Holloway,Roger Lemli (uncredited),2,6
Jeannie Malone,Yeoman (uncredited),2,6
Eddie Paskey,Lt. Leslie (uncredited),2,6
William Shatner,Captain James T. Kirk,2,7
Leonard Nimoy,Mr. Spock,2,7
DeForest Kelley,Dr. McCoy,2,7
Antoinette Bower,Sylvia,2,7
Theodore Marcuse,Korob (as Theo Marcuse),2,7
James Doohan,Scott,2,7
George Takei,Sulu,2,7
Nichelle Nichols,Uhura,2,7
Walter Koenig,Chekov,2,7
Michael Barrier,DeSalle (as Mike Barrier),2,7
John Winston,Transporter Chief,2,7
Rhodie Cogan,First Witch,2,7
Gail Bonney,Second Witch,2,7
Maryesther Denver,Third Witch,2,7
Jay D. Jones,Crewman Jackson (as Jimmy Jones),2,7
Bill Blackburn,Lt. Hadley (uncredited),2,7
Jeannie Malone,Yeoman (uncredited),2,7
Eddie Paskey,Lt. Leslie (uncredited),2,7
William Shatner,Captain James T. Kirk,2,8
Leonard Nimoy,Mr. Spock,2,8
DeForest Kelley,Dr. McCoy,2,8
Roger C. Carmel,Harry Mudd,2,8
Richard Tatro,Norman,2,8
Alyce Andrece,Alice #1 through 250,2,8
Rhae Andrece,Alice #251 through 500,2,8
James Doohan,Scott,2,8
Nichelle Nichols,Uhura,2,8
George Takei,Sulu,2,8
Walter Koenig,Chekov,2,8
Kay Elliot,Stella Mudd,2,8
Mike Howden,Lt. Rowe,2,8
Michael Zaslow,Jordan,2,8
Bobby Bass,Android (uncredited),2,8
Bill Blackburn,Android (uncredited),2,8
Roger Holloway,Lt. Lemli (uncredited),2,8
Ted LeGarde,Herman Series (uncredited),2,8
Tom LeGarde,Herman Series (uncredited),2,8
Jeannie Malone,Yeoman (uncredited),2,8
Bob Orrison,1st Engineer (uncredited),2,8
Eddie Paskey,Lt. Leslie (uncredited),2,8
Colleen Thornton,Barbara Series (uncredited),2,8
Maureen Thornton,Barbara Series (uncredited),2,8
Starr Wilson,Maisie Series (uncredited),2,8
Tamara Wilson,Maisie Series (uncredited),2,8
William Shatner,Captain James T. Kirk,2,9
Leonard Nimoy,Mr. Spock,2,9
DeForest Kelley,Dr. McCoy,2,9
Glenn Corbett,Zefram Cochrane,2,9
Elinor Donahue,Nancy Hedford,2,9
James Doohan,Scott,2,9
George Takei,Sulu,2,9
Nichelle Nichols,Uhura,2,9
Bill Blackburn,Lt. Hadley (uncredited),2,9
Eddie Paskey,Lt. Leslie (uncredited),2,9
Elizabeth Rogers,The Companion (voice) (uncredited),2,9
William Shatner,Captain James T. Kirk,2,10
Leonard Nimoy,Mr. Spock,2,10
DeForest Kelley,Dr. McCoy,2,10
Jane Wyatt,Amanda (as Miss Jane Wyatt),2,10
Mark Lenard,Sarek,2,10
Nichelle Nichols,Uhura,2,10
William O'Connell,Thelev,2,10
Majel Barrett,Nurse Christine Chapel,2,10
Walter Koenig,Chekov,2,10
John Wheeler,Gav,2,10
James X. Mitchell,Lt. Josephs,2,10
Reggie Nalder,Shras,2,10
Bill Blackburn,Lt. Hadley (uncredited),2,10
Jerry Catron,Montgomery (uncredited),2,10
Billy Curtis,Small Copper-Skinned Ambassador (uncredited),2,10
Frank da Vinci,Vulcan Aide (uncredited),2,10
Jeannie Malone,Purple-Skinned Delegate (uncredited),2,10
Eddie Paskey,Lt. Leslie (uncredited),2,10
Russ Peek,Sarek's 2nd Vulcan Aide (uncredited),2,10
William Shatner,Captain James T. Kirk,2,11
Leonard Nimoy,Mr. Spock,2,11
DeForest Kelley,Dr. McCoy,2,11
Julie Newmar,Eleen,2,11
Tige Andrews,Kras,2,11
Michael Dante,Maab,2,11
James Doohan,Scott,2,11
George Takei,Sulu,2,11
Nichelle Nichols,Uhura,2,11
Cal Bolder,Keel,2,11
Ben Gage,Akaar,2,11
Walter Koenig,Chekov,2,11
Kirk Raymond,Duur (as Kirk Raymone),2,11
Bob Bralver,Grant (as Robert Bralver),2,11
Bill Blackburn,Lt. Hadley (uncredited),2,11
Frank da Vinci,Capellan Warrior (uncredited),2,11
Walker Edmiston,SS Dierdre (voice) (uncredited),2,11
Eddie Paskey,Lt. Leslie (uncredited),2,11
William Shatner,Captain James T. Kirk,2,12
Leonard Nimoy,Mr. Spock,2,12
DeForest Kelley,Dr. McCoy,2,12
Charles Drake,Commodore Stocker,2,12
Sarah Marshall,Janet Wallace,2,12
James Doohan,Scott,2,12
George Takei,Sulu,2,12
Nichelle Nichols,Uhura,2,12
Majel Barrett,Nurse Christine Chapel,2,12
Walter Koenig,Chekov,2,12
Felix Locher,Robert Johnson,2,12
Carolyn Nelson,Yeoman Atkins,2,12
Laura Wood,Elaine Johnson,2,12
Beverly Washburn,Lt. Arlene Galway,2,12
Frank da Vinci,Lt. Brent (uncredited),2,12
Roger Holloway,Lt. Lemli (uncredited),2,12
Eddie Paskey,Lt. Leslie (uncredited),2,12
William Shatner,Captain James T. Kirk,2,13
Leonard Nimoy,Mr. Spock,2,13
DeForest Kelley,Dr. McCoy,2,13
Stephen Brooks,Ensign Garrovick,2,13
James Doohan,Scott,2,13
Nichelle Nichols,Uhura,2,13
Jerry Ayres,Rizzo,2,13
Majel Barrett,Nurse Christine Chapel,2,13
Walter Koenig,Chekov,2,13
Bill Blackburn,Lt. Hadley (uncredited),2,13
Frank da Vinci,Security Guard (uncredited),2,13
Jeannie Malone,Yeoman (uncredited),2,13
Eddie Paskey,Lt. Leslie (uncredited),2,13
Basil Poledouris,Security Officer (uncredited),2,13
William Shatner,Captain James T. Kirk,2,14
Leonard Nimoy,Mr. Spock,2,14
DeForest Kelley,Dr. McCoy,2,14
John Fiedler,Hengist,2,14
Charles Macaulay,Jaris (as Charles Macauley),2,14
Pilar Seurat,Sybo,2,14
James Doohan,Scott,2,14
George Takei,Sulu,2,14
Charles Dierkop,Morla,2,14
Joseph Bernard,Tark,2,14
Tanya Lemani,Kara (as Tania Lemani),2,14
John Winston,Transporter Chief,2,14
Virginia Aldridge,Karen Tracy,2,14
Judith McConnell,Yeoman Tankris (as Judy McConnell),2,14
Judi Sherven,Nurse,2,14
Majel Barrett,Enterprise Computer (voice) (uncredited),2,14
Bill Blackburn,Lt. Hadley (uncredited),2,14
Marlys Burdette,Serving Girl (uncredited),2,14
Suzanne Lodge,Argelian Waitress (uncredited),2,14
Eddie Paskey,Lt. Leslie (uncredited),2,14
William Shatner,Captain James T. Kirk,2,15
Leonard Nimoy,Mr. Spock,2,15
DeForest Kelley,Dr. McCoy,2,15
William Schallert,Nilz Baris,2,15
William Campbell,Koloth,2,15
Stanley Adams,Cyrano Jones,2,15
Whit Bissell,Lurry,2,15
James Doohan,Scott,2,15
Nichelle Nichols,Uhura,2,15
Michael Pataki,Korax,2,15
Edwin Reimers,Admiral Fitzpatrick (as Ed Reimers),2,15
Walter Koenig,Chekov,2,15
Charlie Brill,Arne Darvin,2,15
Paul Baxley,Ensign Freeman,2,15
David L. Ross,Lt. Galloway (as David Ross),2,15
Guy Raymond,Trader,2,15
Richard Antoni,Klingon Brawler (uncredited),2,15
Bobby Bass,Guard (uncredited),2,15
Bill Blackburn,Lt. Hadley (uncredited),2,15
Dick Crockett,Bald Klingon Brawler (uncredited),2,15
Frank da Vinci,Transporter Operator (uncredited),2,15
Steve Hershon,Security Officer (uncredited),2,15
Roger Holloway,Lt. Lemli (uncredited),2,15
William Knight,Crewman Moody (uncredited),2,15
Jeannie Malone,Yeoman (uncredited),2,15
Bob Orrison,Klingon Brawler (uncredited),2,15
Eddie Paskey,Lt. Leslie (uncredited),2,15
William Shatner,Captain James T. Kirk,2,16
Leonard Nimoy,Mr. Spock,2,16
DeForest Kelley,Dr. McCoy,2,16
Joseph Ruskin,Galt,2,16
Angelique Pettyjohn,Shahna,2,16
Nichelle Nichols,Uhura,2,16
James Doohan,Scott,2,16
Steve Sandor,Lars,2,16
Walter Koenig,Chekov,2,16
Jane Ross,Tamoon,2,16
Victoria George,Ensign Jana Haines,2,16
Dick Crockett,Andorian Thrall,2,16
Mickey Morton,Kloog,2,16
Bill Blackburn,Lt. Hadley (uncredited),2,16
Frank da Vinci,Lt. Brent (uncredited),2,16
Walker Edmiston,Provider #2 (voice) (uncredited),2,16
Roger Holloway,Lt. Lemli (uncredited),2,16
Bob Johnson,Provider #3 (voice) (uncredited),2,16
Bart La Rue,Provider #1 (voice) (uncredited),2,16
Jeannie Malone,Yeoman (uncredited),2,16
Eddie Paskey,Lt. Leslie (uncredited),2,16
William Shatner,Captain James T. Kirk,2,17
Leonard Nimoy,Mr. Spock,2,17
DeForest Kelley,Dr. McCoy,2,17
Anthony Caruso,Bela,2,17
Vic Tayback,Krako (as Victor Tayback),2,17
Lee Delano,Kalo,2,17
James Doohan,Scott,2,17
Nichelle Nichols,Uhura,2,17
Walter Koenig,Chekov,2,17
John Harmon,Tepo,2,17
Sheldon Collins,Tough Kid,2,17
Dyanne Thorne,First Girl,2,17
Sharyn Hillyer,Second Girl,2,17
Buddy Garion,Hood,2,17
Steven Marlo,Zabo (as Steve Marlo),2,17
Diego Barquinero,Radio Voice (uncredited),2,17
Bill Blackburn,Lt. Hadley (uncredited),2,17
Nick Borgani,Hood (uncredited),2,17
Marlys Burdette,Krako's Girl (uncredited),2,17
Frank da Vinci,Lt. Brent (uncredited),2,17
Roger Holloway,Lt. Lemli (uncredited),2,17
Jay D. Jones,Mirt (uncredited),2,17
Jeannie Malone,Yeoman (uncredited),2,17
Eddie Paskey,Lt. Leslie (uncredited),2,17
William Shatner,Captain James T. Kirk,2,18
Leonard Nimoy,Mr. Spock,2,18
DeForest Kelley,Dr. McCoy,2,18
James Doohan,Scott,2,18
Nichelle Nichols,Uhura,2,18
Walter Koenig,Chekov,2,18
John Winston,Lt. Kyle,2,18
Majel Barrett,Nurse Christine Chapel,2,18
Bill Blackburn,Lt. Hadley (uncredited),2,18
Frank da Vinci,Lt. Brent (uncredited),2,18
Bob Johnson,Starbase 6 Commander (voice) (uncredited),2,18
Jeannie Malone,Yeoman (uncredited),2,18
Eddie Paskey,Lt. Leslie (uncredited),2,18
William Shatner,Captain James T. Kirk,2,19
Leonard Nimoy,Mr. Spock,2,19
DeForest Kelley,Dr. McCoy,2,19
Nancy Kovack,Nona,2,19
Michael Witney,Tyree,2,19
James Doohan,Scott,2,19
Nichelle Nichols,Uhura,2,19
Ned Romero,Krell,2,19
Majel Barrett,Nurse Christine Chapel,2,19
Walter Koenig,Chekov,2,19
Booker Bradshaw,Dr. M'Benga,2,19
Arthur Bernard,Apella,2,19
Janos Prohaska,The Mugato,2,19
Paul Baxley,Patrol Leader,2,19
Gary Pillar,Yutan,2,19
Bill Blackburn,Lt. Hadley (uncredited),2,19
Roger Holloway,Lt. Lemli (uncredited),2,19
Jeannie Malone,Native Woman (uncredited),2,19
Eddie Paskey,Lt. Leslie (uncredited),2,19
Roy N. Sickner,Villager (uncredited),2,19
William Shatner,Captain James T. Kirk,2,20
Leonard Nimoy,Mr. Spock,2,20
DeForest Kelley,Dr. McCoy,2,20
Diana Muldaur,Ann Mulhall,2,20
James Doohan,Scott,2,20
Nichelle Nichols,Uhura,2,20
George Takei,Sulu,2,20
Cindy Lou,Nurse,2,20
Majel Barrett,Nurse Christine Chapel,2,20
Bill Blackburn,Lt. Hadley,2,20
Bill Blackburn,Android (uncredited),2,20
Frank da Vinci,Lt. Brent (uncredited),2,20
Roger Holloway,Lt. Lemli (uncredited),2,20
Jeannie Malone,Nurse (uncredited),2,20
Eddie Paskey,Guard (uncredited),2,20
William Shatner,Captain James T. Kirk,2,21
Leonard Nimoy,Mr. Spock,2,21
DeForest Kelley,Dr. McCoy,2,21
Richard Evans,Isak,2,21
Valora Noland,Daras,2,21
Skip Homeier,Melakon,2,21
David Brian,John Gill,2,21
James Doohan,Scott,2,21
Nichelle Nichols,Uhura,2,21
Patrick Horgan,Eneg,2,21
William Wintersole,Abrom,2,21
Gilbert Green,S.S. Major,2,21
Walter Koenig,Chekov,2,21
Lev Mailer,S.S. Lieutenant (as Ralph Maurer),2,21
Ed McCready,S.S. Trooper,2,21
Peter Canon,Gestapo Lieutenant,2,21
Paul Baxley,First Trooper,2,21
Chuck Courtney,Davod,2,21
Bart La Rue,Newscaster,2,21
Bill Blackburn,Lt. Hadley,2,21
Bill Blackburn,S.S. Trooper (uncredited),2,21
Frank da Vinci,Soldier at Party (uncredited),2,21
Roger Holloway,Soldier at Party (uncredited),2,21
Jeannie Malone,Blonde in Audience (uncredited),2,21
Sean Morgan,Second Trooper (uncredited),2,21
Eddie Paskey,Trooper (uncredited),2,21
Joe Paz,S A Brigadier (uncredited),2,21
Basil Poledouris,Trooper (uncredited),2,21
William Shatner,Captain James T. Kirk,2,22
Leonard Nimoy,Mr. Spock,2,22
DeForest Kelley,Dr. McCoy,2,22
Warren Stevens,Rojan,2,22
Barbara Bouchet,Kelinda,2,22
James Doohan,Scott,2,22
Nichelle Nichols,Uhura,2,22
Majel Barrett,Nurse Christine Chapel,2,22
Stewart Moss,Hanar,2,22
Walter Koenig,Chekov,2,22
Robert Fortier,Tomar,2,22
Lezlie Dalton,Drea,2,22
Carl Byrd,Lt. Shea,2,22
Julie Cobb,Yeoman Leslie Thompson,2,22
Bill Blackburn,Lt. Hadley (uncredited),2,22
Frank da Vinci,Lt. Brent (uncredited),2,22
Roger Holloway,Lt. Lemli (uncredited),2,22
Eddie Paskey,Lt. Leslie (uncredited),2,22
William Shatner,Captain James T. Kirk,2,23
Leonard Nimoy,Mr. Spock,2,23
DeForest Kelley,Dr. McCoy,2,23
Morgan Woodward,Captain Tracey,2,23
Roy Jenson,Cloud William,2,23
George Takei,Sulu,2,23
Nichelle Nichols,Uhura,2,23
Irene Kelly,Sirah,2,23
Morgan Farley,Yang Scholar,2,23
David L. Ross,Lt. Galloway,2,23
Lloyd Kino,Wu,2,23
Ed McCready,Dr. Carter,2,23
Frank Atienza,Kohm Villager,2,23
Bill Blackburn,Lt. Hadley (uncredited),2,23
Frank da Vinci,Security Guard (uncredited),2,23
Eddie Paskey,Lt. Leslie (uncredited),2,23
William Shatner,Captain James T. Kirk,2,24
Leonard Nimoy,Mr. Spock,2,24
DeForest Kelley,Dr. McCoy,2,24
William Marshall,Dr. Richard Daystrom,2,24
James Doohan,Scott,2,24
James Doohan,M-5,2,24
James Doohan,Starbase Officer,2,24
George Takei,Sulu,2,24
Nichelle Nichols,Uhura,2,24
Walter Koenig,Chekov,2,24
Sean Morgan,Harper,2,24
Barry Russo,Commodore Robert Wesley,2,24
Bill Blackburn,Lt. Hadley (uncredited),2,24
Frank da Vinci,Lt. Brent (uncredited),2,24
Roger Holloway,Lt. Lemli (uncredited),2,24
Eddie Paskey,Lt. Leslie (uncredited),2,24
William Shatner,Captain James T. Kirk,2,25
Leonard Nimoy,Mr. Spock,2,25
DeForest Kelley,Dr. McCoy,2,25
William Smithers,R.M. Merrick,2,25
William Smithers,Merikus,2,25
Logan Ramsey,Claudius,2,25
Ian Wolfe,Septimus,2,25
William Bramley,Policeman,2,25
Rhodes Reason,Flavius,2,25
James Doohan,Scott,2,25
Nichelle Nichols,Uhura,2,25
Walter Koenig,Chekov,2,25
Bart La Rue,Announcer (as Bart Larue),2,25
Jack Perkins,Master of Games,2,25
Max Kleven,Maximus,2,25
Lois Jewell,Drusilla,2,25
Paul Baxley,Policeman #1 (uncredited),2,25
Bill Blackburn,Lt. Hadley (uncredited),2,25
Frank da Vinci,Lt. Brent (uncredited),2,25
Roger Holloway,Lt. Lemli (uncredited),2,25
Shep Houghton,Cameraman (uncredited),2,25
Jeannie Malone,Yeoman,2,25
Jeannie Malone,Slave Girl (uncredited),2,25
Bob Orrison,Policeman #2 (uncredited),2,25
Eddie Paskey,Lt. Leslie (uncredited),2,25
Gil Perkins,Slave #3 (uncredited),2,25
Paul Stader,Slave #1 (uncredited),2,25
Tom Steele,Slave #2 (uncredited),2,25
William Shatner,Captain James T. Kirk,2,26
Leonard Nimoy,Mr. Spock,2,26
DeForest Kelley,Dr. McCoy,2,26
Robert Lansing,Gary Seven,2,26
Teri Garr,Roberta Lincoln (as Terri Garr),2,26
James Doohan,Scott,2,26
George Takei,Sulu,2,26
Nichelle Nichols,Uhura,2,26
Walter Koenig,Chekov,2,26
Don Keefer,Mission Control Director Cromwell,2,26
Morgan Jones,Colonel Jack Nesvig,2,26
Bruce Mars,First Policeman,2,26
Ted Gehring,Second Policeman,2,26
Paul Baxley,Security Chief,2,26
Barbara Babcock,Beta 5 Computer (voice) (uncredited),2,26
Bill Blackburn,Lt. Hadley,2,26
Bill Blackburn,Rocket Base Technician (uncredited),2,26
Frank da Vinci,Lt. Clifford Brent (uncredited),2,26
Bob Johnson,Ground Control (voice) (uncredited),2,26
Eddie Paskey,Lt. Leslie (uncredited),2,26
Edwin Rochelle,Man With Newspaper (uncredited),2,26
Victoria Vetri,Isis - Human Form (uncredited),2,26
William Shatner,Captain James T. Kirk,3,1
Leonard Nimoy,Mr. Spock,3,1
DeForest Kelley,Dr. McCoy,3,1
Marj Dusay,Kara,3,1
James Doohan,Scott,3,1
Walter Koenig,Chekov,3,1
George Takei,Sulu,3,1
Nichelle Nichols,Uhura,3,1
Majel Barrett,Nurse Christine Chapel,3,1
James Daris,Creature,3,1
Sheila Leighton,Luma,3,1
Bill Blackburn,Lt. Hadley (uncredited),3,1
Frank da Vinci,Lt. Brent (uncredited),3,1
Roger Holloway,Lt. Lemli (uncredited),3,1
Pete Kellett,Morg Guard (uncredited),3,1
Jeannie Malone,Yeoman (uncredited),3,1
Eddie Paskey,Lt. Leslie (uncredited),3,1
William Shatner,Captain James T. Kirk,3,2
Leonard Nimoy,Mr. Spock,3,2
DeForest Kelley,Dr. McCoy,3,2
Joanne Linville,Romulan Commander,3,2
Jack Donner,Tal,3,2
James Doohan,Scott,3,2
Nichelle Nichols,Uhura,3,2
George Takei,Sulu,3,2
Walter Koenig,Chekov,3,2
Majel Barrett,Nurse Christine Chapel,3,2
Richard Compton,Technical Officer,3,2
Robert Gentile,Technician,3,2
Mike Howden,Romulan Guard,3,2
Gordon Coffey,Romulan Soldier,3,2
Roger Holloway,Lt. Lemli (uncredited),3,2
Eddie Paskey,Lt. Leslie (uncredited),3,2
William Shatner,Captain James T. Kirk,3,3
Leonard Nimoy,Mr. Spock,3,3
DeForest Kelley,Dr. McCoy,3,3
Sabrina Scharf,Miramanee,3,3
Rudy Solari,Salish,3,3
James Doohan,Scott,3,3
George Takei,Sulu,3,3
Walter Koenig,Chekov,3,3
Richard Hale,Goro,3,3
Majel Barrett,Nurse Christine Chapel,3,3
Naomi Pollack,Indian Woman,3,3
John Lindesmith,Engineer,3,3
Peter Virgo Jr.,Warrior,3,3
Lamont Laird,Indian Boy,3,3
Bill Blackburn,Lt. Hadley (uncredited),3,3
Roger Holloway,Lt. Lemli (uncredited),3,3
Jeannie Malone,Yeoman (uncredited),3,3
Nichelle Nichols,Uhura (archive footage) (uncredited),3,3
Vince St. Cyr,Father of Drowning Boy (uncredited),3,3
William Shatner,Captain James T. Kirk,3,4
Leonard Nimoy,Mr. Spock,3,4
DeForest Kelley,Dr. McCoy,3,4
Craig Huxley,Tommy Starnes (as Craig Hundley),3,4
James Wellman,Professor Starnes,3,4
Melvin Belli,Gorgan,3,4
James Doohan,Scott,3,4
Majel Barrett,Nurse Christine Chapel,3,4
Nichelle Nichols,Uhura,3,4
George Takei,Sulu,3,4
Walter Koenig,Chekov,3,4
Pamelyn Ferdin,Mary,3,4
Melvin Caesar Belli,Steve (as Caesar Belli),3,4
Mark Robert Brown,Don,3,4
Brian Tochi,Ray,3,4
Louie Elias,1st Technician (as Lou Elias),3,4
Paul Baxley,Security Guard (uncredited),3,4
Bill Blackburn,Lt. Hadley (uncredited),3,4
Frank da Vinci,Transporter Operator (uncredited),3,4
Dick Dial,Security Guard (uncredited),3,4
Roger Holloway,Lt. Lemli (uncredited),3,4
Jay D. Jones,2nd Technician (uncredited),3,4
Jeannie Malone,Yeoman (uncredited),3,4
Eddie Paskey,Lt. Leslie (uncredited),3,4
William Shatner,Captain James T. Kirk,3,5
Leonard Nimoy,Mr. Spock,3,5
DeForest Kelley,Dr. McCoy,3,5
Diana Muldaur,Dr. Miranda Jones,3,5
David Frankham,Larry Marvick,3,5
James Doohan,Scott,3,5
George Takei,Sulu,3,5
Nichelle Nichols,Uhura,3,5
Walter Koenig,Chekov,3,5
Bill Blackburn,Lt. Hadley (uncredited),3,5
Bob Bralver,Yeoman (uncredited),3,5
Frank da Vinci,Lt. Brent (uncredited),3,5
Vince Deadrick Sr.,Engineer (uncredited),3,5
Louie Elias,Engineer (uncredited),3,5
Dick Geary,Security Guard (uncredited),3,5
Roger Holloway,Lt. Lemli (uncredited),3,5
Jeannie Malone,Yeoman (uncredited),3,5
Eddie Paskey,Lt. Leslie (uncredited),3,5
William Shatner,Captain James T. Kirk,3,6
Leonard Nimoy,Mr. Spock,3,6
DeForest Kelley,Dr. McCoy,3,6
Ron Soble,Wyatt Earp,3,6
Bonnie Beecher,Sylvia,3,6
James Doohan,Scott,3,6
Walter Koenig,Chekov,3,6
Nichelle Nichols,Uhura,3,6
Charles Maxwell,Virgil Earp,3,6
Rex Holman,Morgan Earp,3,6
Sam Gilman,Doc Holliday,3,6
Charles Seel,Ed,3,6
Bill Zuckert,Johnny Behan,3,6
Ed McCready,Barber,3,6
Abraham Sofaer,Melkotian (voice),3,6
Richard Anthony,Rider (uncredited),3,6
Paul Baxley,1st Cowboy (uncredited),3,6
Bill Blackburn,Lt. Hadley (uncredited),3,6
Roger Holloway,Lt. Lemli (uncredited),3,6
Jeannie Malone,Yeoman (uncredited),3,6
Bob Orrison,2nd Cowboy (uncredited),3,6
Gregg Palmer,Rancher (uncredited),3,6
Eddie Paskey,Lt. Leslie (uncredited),3,6
William Shatner,Captain James T. Kirk,3,7
Leonard Nimoy,Mr. Spock,3,7
DeForest Kelley,Dr. McCoy,3,7
Michael Ansara,Kang,3,7
Susan Howard,Mara,3,7
James Doohan,Scott,3,7
Walter Koenig,Chekov,3,7
George Takei,Sulu,3,7
Nichelle Nichols,Uhura,3,7
David L. Ross,Lt. Johnson (as David Ross),3,7
Mark Tobin,Klingon,3,7
Phil Adams,Klingon Soldier (uncredited),3,7
Albert Cavens,Klingon Crewman (uncredited),3,7
Dick Geary,Security Guard (uncredited),3,7
Eddie Hice,Security Guard (uncredited),3,7
Roger Holloway,Lt. Lemli (uncredited),3,7
Jay D. Jones,Klingon (uncredited),3,7
Pete Kellett,Klingon (uncredited),3,7
Hubie Kerns,Klingon Crewman (uncredited),3,7
Victor Paul,Klingon Crewman (uncredited),3,7
Charlie Picerni,Klingon (uncredited),3,7
George Sawaya,Klingon Crewman (uncredited),3,7
David Sharpe,Security Officer (uncredited),3,7
William Shatner,Captain James T. Kirk,3,8
Leonard Nimoy,Mr. Spock,3,8
DeForest Kelley,Dr. McCoy,3,8
Katherine Woodville,Natira (as Kate Woodville),3,8
James Doohan,Scott,3,8
James Doohan,Oracle,3,8
George Takei,Sulu,3,8
Walter Koenig,Chekov,3,8
Nichelle Nichols,Uhura,3,8
Majel Barrett,Nurse Christine Chapel,3,8
Byron Morrow,Admiral Westervliet,3,8
Jon Lormer,Old Man,3,8
Frank da Vinci,Transporter Operator (uncredited),3,8
Jeannie Malone,Fabrini Servant (uncredited),3,8
William Shatner,Captain James T. Kirk,3,9
Leonard Nimoy,Mr. Spock,3,9
DeForest Kelley,Dr. McCoy,3,9
James Doohan,Scott,3,9
George Takei,Sulu,3,9
Walter Koenig,Chekov,3,9
Nichelle Nichols,Uhura,3,9
Majel Barrett,Nurse Christine Chapel,3,9
Sean Morgan,Lt. O'Neil,3,9
Barbara Babcock,Cmdr. Loskene (voice) (uncredited),3,9
Paul Baxley,Defiant Captain (uncredited),3,9
Bill Blackburn,Lt. Hadley (uncredited),3,9
Bob Bralver,Berserk Engineer (uncredited),3,9
Frank da Vinci,Lt. Brent (uncredited),3,9
Louie Elias,Crazed Crewman (uncredited),3,9
Roger Holloway,Lt. Lemli (uncredited),3,9
Jay D. Jones,Engineer (uncredited),3,9
Jeannie Malone,Yeoman (uncredited),3,9
William Shatner,Captain James T. Kirk,3,10
Leonard Nimoy,Mr. Spock,3,10
DeForest Kelley,Dr. McCoy,3,10
Michael Dunn,Alexander,3,10
Liam Sullivan,Parmen,3,10
Barbara Babcock,Philana,3,10
James Doohan,Scott,3,10
Nichelle Nichols,Uhura,3,10
Majel Barrett,Nurse Christine Chapel,3,10
Ted Scott,Eraclitus,3,10
Derek Partridge,Dionyd,3,10
Bill Blackburn,Lt. Hadley (uncredited),3,10
Jeannie Malone,Yeoman (uncredited),3,10
William Shatner,Captain James T. Kirk,3,11
Leonard Nimoy,Mr. Spock,3,11
DeForest Kelley,Dr. McCoy,3,11
Kathie Browne,Deela,3,11
Jason Evers,Rael,3,11
James Doohan,Scott,3,11
George Takei,Sulu,3,11
Nichelle Nichols,Uhura,3,11
Majel Barrett,Nurse Christine Chapel,3,11
Erik Holland,Ekor,3,11
Geoffrey Binney,Compton,3,11
Bill Blackburn,Lt. Hadley (uncredited),3,11
Dick Geary,Scalosian,3,11
Dick Geary,Security Guard #1 (uncredited),3,11
Eddie Hice,Security Guard #2 (uncredited),3,11
Roger Holloway,Lt. Lemli (uncredited),3,11
Jay D. Jones,Engineer (uncredited),3,11
Jeannie Malone,Yeoman (uncredited),3,11
William Shatner,Captain James T. Kirk,3,12
Leonard Nimoy,Mr. Spock,3,12
DeForest Kelley,Dr. McCoy,3,12
Kathryn Hays,Gem,3,12
Alan Bergmann,Lal,3,12
James Doohan,Scott,3,12
George Takei,Sulu,3,12
Davis Roberts,Dr. Ozaba,3,12
Jason Wingreen,Dr. Linke,3,12
Willard Sage,Thann,3,12
Bill Blackburn,Lt. Hadley (uncredited),3,12
Dick Geary,Security Guard (uncredited),3,12
Roger Holloway,Lt. Lemli (uncredited),3,12
William Shatner,Captain James T. Kirk,3,13
Leonard Nimoy,Mr. Spock,3,13
DeForest Kelley,Dr. McCoy,3,13
France Nuyen,Elaan,3,13
Jay Robinson,Lord Petri,3,13
Tony Young,Kryton,3,13
James Doohan,Scott,3,13
Nichelle Nichols,Uhura,3,13
George Takei,Sulu,3,13
Walter Koenig,Chekov,3,13
Majel Barrett,Nurse Christine Chapel,3,13
Lee Duncan,Evans,3,13
Victor Brandt,Watson,3,13
Dick Durock,Elasian Guard #1,3,13
Charles Beck,Elasian Guard #2,3,13
K.L. Smith,Klingon,3,13
Hal Baylor,Guard (uncredited),3,13
Bill Blackburn,Lt. Hadley (uncredited),3,13
Frank da Vinci,Transporter Operator (uncredited),3,13
Roger Holloway,Lt. Lemli (uncredited),3,13
Jeannie Malone,Bridge Yeoman (uncredited),3,13
Eddie Paskey,Lt. Leslie (uncredited),3,13
William Shatner,Captain James T. Kirk,3,14
Leonard Nimoy,Mr. Spock,3,14
DeForest Kelley,Dr. McCoy,3,14
Steve Ihnat,Garth,3,14
Yvonne Craig,Marta,3,14
James Doohan,Scott,3,14
George Takei,Sulu,3,14
Nichelle Nichols,Uhura,3,14
Dick Geary,Andorian Inmate (as Richard Geary),3,14
Gary Downey,Tellarite Inmate,3,14
Keye Luke,Cory,3,14
Bill Blackburn,Lt. Hadley (uncredited),3,14
Frank da Vinci,Lt. Brent (uncredited),3,14
Roger Holloway,Lt. Lemli (uncredited),3,14
Jeannie Malone,Yeoman (uncredited),3,14
William Shatner,Captain James T. Kirk,3,15
Leonard Nimoy,Mr. Spock,3,15
DeForest Kelley,Dr. McCoy,3,15
Frank Gorshin,Bele,3,15
Lou Antonio,Lokai,3,15
James Doohan,Scott,3,15
Walter Koenig,Chekov,3,15
Nichelle Nichols,Uhura,3,15
George Takei,Sulu,3,15
Majel Barrett,Nurse Christine Chapel,3,15
Majel Barrett,Computer Voice,3,15
Bill Blackburn,Lt. Hadley (uncredited),3,15
Frank da Vinci,Lt. Brent (uncredited),3,15
Roger Holloway,Lt. Lemli (uncredited),3,15
Jeannie Malone,Yeoman (uncredited),3,15
William Shatner,Captain James T. Kirk,3,16
Leonard Nimoy,Mr. Spock,3,16
DeForest Kelley,Dr. McCoy,3,16
Sharon Acker,Odona Hodin,3,16
David Hurst,Ambassador Hodin,3,16
James Doohan,Scott,3,16
George Takei,Sulu,3,16
Nichelle Nichols,Uhura,3,16
Walter Koenig,Chekov,3,16
Gene Dynarski,Krodak,3,16
Richard Derr,Admiral Fitzgerald,3,16
Bill Blackburn,Gideon Inhabitant (uncredited),3,16
Frank da Vinci,Lt. Brent (uncredited),3,16
Jay D. Jones,Gideon Guard (uncredited),3,16
William Shatner,Captain James T. Kirk,3,17
Leonard Nimoy,Mr. Spock,3,17
DeForest Kelley,Dr. McCoy,3,17
Lee Meriwether,Losira,3,17
James Doohan,Scott,3,17
Arthur Batanides,"Lt. D'Amato, Geologist",3,17
George Takei,Sulu,3,17
Nichelle Nichols,Uhura,3,17
Naomi Pollack,Lt. Rahda,3,17
Booker Bradshaw,Dr. M'Benga,3,17
Brad Forrest,Ensign Wyatt,3,17
Kenneth Washington,Watkins,3,17
Bill Blackburn,Lt. Hadley (uncredited),3,17
Frank da Vinci,Lt. Brent (uncredited),3,17
Roger Holloway,Lt. Lemli (uncredited),3,17
Jeannie Malone,Yeoman (uncredited),3,17
William Shatner,Captain James T. Kirk,3,18
Leonard Nimoy,Mr. Spock,3,18
DeForest Kelley,Dr. McCoy,3,18
Jan Shutan,Lt. Mira Romaine,3,18
James Doohan,Scott,3,18
George Takei,Sulu,3,18
Walter Koenig,Chekov,3,18
Nichelle Nichols,Uhura,3,18
Majel Barrett,Nurse Christine Chapel,3,18
Majel Barrett,Computer Voice,3,18
John Winston,Lt. Kyle,3,18
Libby Erwin,Technician,3,18
Barbara Babcock,Zetar (voice),3,18
Bill Blackburn,Lt. Hadley (uncredited),3,18
Frank da Vinci,Crewman (uncredited),3,18
Roger Holloway,Lt. Lemli (uncredited),3,18
Jeannie Malone,Yeoman (uncredited),3,18
William Shatner,Captain James T. Kirk,3,19
Leonard Nimoy,Mr. Spock,3,19
DeForest Kelley,Dr. McCoy,3,19
James Daly,Flint,3,19
Louise Sorel,Rayna Kapec,3,19
James Doohan,Scott,3,19
Nichelle Nichols,Uhura,3,19
Bill Blackburn,Lt. Hadley (uncredited),3,19
Roger Holloway,Lt. Lemli (uncredited),3,19
Naomi Pollack,Lt. Rahda (uncredited),3,19
William Shatner,Captain James T. Kirk,3,20
Leonard Nimoy,Mr. Spock,3,20
DeForest Kelley,Dr. McCoy,3,20
Skip Homeier,Dr. Sevrin,3,20
Charles Napier,Adam,3,20
Mary Linda Rapelye,Irina Galliulin (as Mary-Linda Rapelye),3,20
James Doohan,Scott,3,20
Walter Koenig,Chekov,3,20
George Takei,Sulu,3,20
Majel Barrett,Nurse Christine Chapel,3,20
Victor Brandt,Tongo Rad,3,20
Elizabeth Rogers,Lt. Palmer,3,20
Deborah Downey,Girl #1,3,20
Phyllis Douglas,Girl #2,3,20
Bill Blackburn,Lt. Hadley (uncredited),3,20
Frank da Vinci,Lt. Brent (uncredited),3,20
James Drake,Sick-Bay Intern (uncredited),3,20
Roger Holloway,Lt. Lemli (uncredited),3,20
Jeannie Malone,Lieutenant (uncredited),3,20
Nichelle Nichols,Uhura (uncredited),3,20
William Shatner,Captain James T. Kirk,3,21
Leonard Nimoy,Mr. Spock,3,21
DeForest Kelley,Dr. McCoy,3,21
Jeff Corey,Plasus,3,21
Diana Ewing,Droxine,3,21
Charlene Polite,Vanna,3,21
James Doohan,Scott,3,21
Nichelle Nichols,Uhura,3,21
Kirk Raymond,Cloud Guard #1 (as Kirk Raymone),3,21
Jimmy Fields,Cloud Guard #2,3,21
Ed Long,Midro,3,21
Fred Williamson,Anka,3,21
Garth Pillsbury,Troglyte Prisoner,3,21
Harv Selsby,Cloud Guard #3,3,21
Bill Blackburn,Lt. Hadley (archive footage) (uncredited),3,21
Louie Elias,Troglyte #1 (uncredited),3,21
Dick Geary,Cloud City Sentinel #1 (uncredited),3,21
Jay D. Jones,Prisoner #2 (uncredited),3,21
Bob Miles,Cloud City Sentinel #2 (uncredited),3,21
Marvin Walters,Troglyte #2 (uncredited),3,21
William Shatner,Captain James T. Kirk,3,22
Leonard Nimoy,Mr. Spock,3,22
DeForest Kelley,Dr. McCoy,3,22
Lee Bergere,Lincoln,3,22
Barry Atwater,Surak,3,22
Phillip Pine,Col. Green,3,22
James Doohan,Scott,3,22
George Takei,Sulu,3,22
Nichelle Nichols,Uhura,3,22
Walter Koenig,Chekov,3,22
Arell Blanton,Chief Security Guard,3,22
Carol Daniels,Zora (as Carol Daniels DeMent),3,22
Bob Herron,Kahless (as Robert Herron),3,22
Nathan Jung,Ghengis Khan,3,22
Bill Blackburn,Lt. Hadley (uncredited),3,22
Roger Holloway,Lt. Lemli (uncredited),3,22
Bart La Rue,Yarnek (voice) (uncredited),3,22
Janos Prohaska,Yarnek (uncredited),3,22
William Shatner,Captain James T. Kirk,3,23
Leonard Nimoy,Mr. Spock,3,23
DeForest Kelley,Dr. McCoy,3,23
Mariette Hartley,Zarabeth,3,23
Ian Wolfe,Mr. Atoz,3,23
Kermit Murdock,The Prosecutor,3,23
Ed Bakey,The First Fop,3,23
James Doohan,Scott (voice),3,23
Anna Karen,Sarpeidon Mort,3,23
Albert Cavens,Second Fop (as Al Cavens),3,23
Stan Barrett,The Jailor,3,23
Johnny Haymer,The Constable,3,23
William Shatner,Captain James T. Kirk,3,24
William Shatner,Dr. Janice Lester,3,24
Leonard Nimoy,Mr. Spock,3,24
DeForest Kelley,Dr. McCoy,3,24
Sandra Smith,Dr. Janice Lester,3,24
Sandra Smith,Captain James T. Kirk,3,24
Harry Landers,Dr. Coleman,3,24
James Doohan,Scott,3,24
George Takei,Sulu,3,24
Walter Koenig,Chekov,3,24
Majel Barrett,Nurse Christine Chapel,3,24
Barbara Baldavin,Communications Officer,3,24
David L. Ross,Lt. Galoway,3,24
John Boyer,Guard,3,24
Bill Blackburn,Lt Hadley (uncredited),3,24
James Drake,Security Guard (uncredited),3,24
Roger Holloway,Lt. Lemli (uncredited),3,24
